molecule_chembl_id,smiles,pKi_mean_value,mean_Ki_value,target_organism
CHEMBL1161155,CCS(=O)(=O)O.Cc1nc(N)nc(N)c1NC(=O)C12CC3CC(CC(C3)C1)C2,8.045757490560675,9.0,Homo sapiens
CHEMBL149218,Cc1c(CNc2ccc(C(=O)NC(CCCNC(=O)c3ccccc3C(=O)O)C(=O)O)cc2)ccc2nc(N)nc(N)c12,13.0,0.0001,Homo sapiens
CHEMBL146917,Nc1nc(N)c2c(Cl)c(CNc3ccc(C(=O)NC(CCCNC(=O)c4ccccc4C(=O)O)C(=O)O)cc3)ccc2n1,12.958607314841775,0.00011,Homo sapiens
CHEMBL149164,Nc1nc(N)c2nc(CNc3ccc(C(=O)NC(CCCNC(=O)c4ccccc4C(=O)O)C(=O)O)cc3)ccc2n1,12.721246399047171,0.00019,Homo sapiens
CHEMBL167304,C[C@](CCC(=O)O)(NC(=O)c1ccc(CCC2CNc3nc(N)nc(N)c3C2)o1)C(=O)O,8.005682847330363,9.87,Homo sapiens
CHEMBL354249,C[C@](CCC(=O)O)(NC(=O)c1ccc(CCC2CNc3nc(N)nc(N)c3C2)cc1)C(=O)O,9.537602002101044,0.29,Homo sapiens
CHEMBL168069,C[C@](CCC(=O)O)(NC(=O)c1ccc(CCC2CNc3nc(N)nc(N)c3C2)s1)C(=O)O,9.161150909262744,0.69,Homo sapiens
CHEMBL150607,Cc1c(CNc2ccc(C(=O)NC(CCCNC(=O)c3ccccc3C(=O)O)C(=O)O)cc2)cnc2nc(N)nc(N)c12,12.397940008672037,0.0004,Homo sapiens
CHEMBL34259,CN(Cc1cnc2nc(N)nc(N)c2n1)c1ccc(C(=O)N[C@@H](CCC(=O)O)C(=O)O)cc1,11.284832642151542,0.00519,Homo sapiens
CHEMBL18155,Nc1nc(N)c2nc(CNc3ccc(C(=O)NC(CCCNC(=O)c4ccccc4C(=O)O)C(=O)O)cc3)cnc2n1,12.455931955649724,0.00035,Homo sapiens
CHEMBL297088,Nc1nc(N)c2cc(CNc3ccc(C(=O)NC(CCCNC(=O)c4ccccc4C(=O)O)C(=O)O)cc3)ccc2n1,13.045757490560675,9e-05,Homo sapiens
CHEMBL376180,Nc1nc(N)c2nc(CNc3ccc(C(=O)N[C@@H](CCC(=O)O)C(=O)O)cc3)cnc2n1,11.431798275933005,0.0037,Homo sapiens
CHEMBL422095,Cc1nc(N)nc(N)c1-c1cccc2ccccc12,4.251811972993799,56000.0,Homo sapiens
CHEMBL149962,Nc1nc(N)c2cc(CNc3ccc(C(=O)NC(CCCNC(=O)c4ccccc4C(=O)O)C(=O)O)cc3)cnc2n1,12.387216143280265,0.00041,Homo sapiens
CHEMBL305177,Nc1nc(N)c2cc(CNc3ccc(C(=O)NC(CCC(=O)O)C(=O)O)cc3)ccc2n1,12.050609993355087,0.00089,Homo sapiens
CHEMBL36,CCc1nc(N)nc(N)c1-c1ccc(Cl)cc1,6.6020599913279625,250.0,Homo sapiens
CHEMBL334695,CCCCCCCCCCOc1cccc(Cc2cnc(N)nc2N)c1,6.1249387366083,750.0,Homo sapiens
CHEMBL441298,COc1cc(CCc2cccc3nc(N)nc(N)c23)cc(OC)c1OC,7.142667503568731,72.0,Homo sapiens
CHEMBL274031,Nc1ncc(Cc2cccc(OCc3ccccc3)c2)c(N)n1,7.187086643357144,65.0,Homo sapiens
CHEMBL343127,CCCOc1cccc(Cc2cnc(N)nc2N)c1,6.886056647693163,130.0,Homo sapiens
CHEMBL162312,COc1ccc(OC)c(C#Cc2cccc3nc(N)nc(N)c23)c1,6.853871964321762,140.0,Homo sapiens
CHEMBL434097,COc1ccc(OC)c(N(C)Cc2cccc3nc(N)nc(N)c23)c1,6.6020599913279625,250.0,Homo sapiens
CHEMBL31547,CCCCCCOc1cccc(Cc2cnc(N)nc2N)c1,6.767003889607846,171.0,Homo sapiens
CHEMBL119,COc1cc(NCc2ccc3nc(N)nc(N)c3c2C)cc(OC)c1OC,7.886056647693163,13.0,Homo sapiens
CHEMBL334919,CC(C)Oc1cccc(Cc2cnc(N)nc2N)c1,6.795880017344075,160.0,Homo sapiens
CHEMBL344592,Nc1ncc(Cc2cccc(OC3CCCCO3)c2)c(N)n1,7.031517051446065,93.0,Homo sapiens
CHEMBL22,COc1cc(Cc2cnc(N)nc2N)cc(OC)c1OC,6.920818753952375,120.0,Homo sapiens
CHEMBL31235,CCCCCCCCOc1cccc(Cc2cnc(N)nc2N)c1,7.013228265733755,97.0,Homo sapiens
CHEMBL349149,COc1ccc(OC)c(CCc2cccc3nc(N)nc(N)c23)c1,7.3872161432802645,41.0,Homo sapiens
CHEMBL343271,CCOc1ccc(Cc2cnc(N)nc2N)cc1,6.886056647693163,130.0,Homo sapiens
CHEMBL341703,Nc1nc(N)c2c(CCc3ccccc3)cccc2n1,7.638272163982407,23.0,Homo sapiens
CHEMBL350730,COc1ccc(OC)c(NCc2cccc3nc(N)nc(N)c23)c1,6.698970004336019,200.0,Homo sapiens
CHEMBL31946,CCCCOc1cccc(Cc2cnc(N)nc2N)c1,6.823908740944319,150.0,Homo sapiens
CHEMBL164845,Nc1nc(N)c2c(/C=C/c3ccccc3)cccc2n1,8.267606240177031,5.4,Homo sapiens
CHEMBL137448,CCOc1cccc(Cc2cnc(N)nc2N)c1,6.806875401645538,156.0,Homo sapiens
CHEMBL30734,Nc1ncc(Cc2cccc(O)c2)c(N)n1,6.1249387366083,750.0,Homo sapiens
CHEMBL162270,COc1cc(N(C)Cc2cccc3nc(N)nc(N)c23)cc(OC)c1OC,7.309803919971486,49.0,Homo sapiens
CHEMBL326989,CCCOc1ccc(Cc2cnc(N)nc2N)cc1,6.481486060122112,330.0,Homo sapiens
CHEMBL138230,CCCCCCCOc1cccc(Cc2c(C)nc(N)nc2N)c1,6.431798275933005,370.0,Homo sapiens
CHEMBL135935,CCCCCCCOc1cccc(Cc2c(N)nc(N)nc2CC)c1,7.318758762624412,48.0,Homo sapiens
CHEMBL355151,Nc1nc(N)c2c(C#Cc3ccccc3)cccc2n1,7.016373712875465,96.3,Homo sapiens
CHEMBL7492,COc1ccc(OC)c(Cc2cnc3nc(N)nc(N)c3c2C)c1,7.481486060122112,33.0,Homo sapiens
CHEMBL18967,COc1cccc(Cc2cnc(N)nc2N)c1,6.522878745280337,300.0,Homo sapiens
CHEMBL162476,Nc1nc(N)c2c(CNc3ccc(C(=O)NC(CCC(=O)O)C(=O)O)cc3)cccc2n1,9.267606240177031,0.54,Homo sapiens
CHEMBL165955,COc1cc(NCc2cccc3nc(N)nc(N)c23)cc(OC)c1OC,6.508638306165727,310.0,Homo sapiens
CHEMBL137305,CCCCCOc1cccc(Cc2cnc(N)nc2N)c1,6.853871964321762,140.0,Homo sapiens
CHEMBL285209,CCCCCCCOc1cccc(Cc2cnc(N)nc2N)c1,6.655607726314889,221.0,Homo sapiens
CHEMBL137641,CCCCCCCCCOc1cccc(Cc2cnc(N)nc2N)c1,6.443697499232712,360.0,Homo sapiens
CHEMBL301030,C/C=C/c1cc(Cc2cnc(N)nc2N)cc(/C=C/C)c1OC,9.096910013008056,0.8,Homo sapiens
CHEMBL47919,C#CCC(Cc1cnc2cc(N)cc(N)c2n1)c1ccc(C(=O)NC(CCCNC(=O)c2ccccc2C(=O)O)C(=O)O)cc1,12.221848749616356,0.0006,Homo sapiens
CHEMBL296545,Nc1cc(N)c2nc(CNc3ccc(C(=O)NC(CCCNC(=O)c4ccccc4C(=O)O)C(=O)O)cc3)cnc2c1,12.481486060122112,0.00033,Homo sapiens
CHEMBL47689,Nc1cc(N)c2nc(CCc3ccc(C(=O)NC(CCCNC(=O)c4ccccc4C(=O)O)C(=O)O)cc3)cnc2c1,12.455931955649724,0.00035,Homo sapiens
CHEMBL295859,CCC(Cc1cnc2cc(N)cc(N)c2n1)c1ccc(C(=O)NC(CCCNC(=O)c2ccccc2C(=O)O)C(=O)O)cc1,12.207608310501746,0.00062,Homo sapiens
CHEMBL297558,Nc1cc(N)c2cc(CCc3ccc(C(=O)NC(CCCNC(=O)c4ccccc4C(=O)O)C(=O)O)cc3)ccc2c1,12.67778070526608,0.00021,Homo sapiens
CHEMBL170837,CC(C)n1c(C(C)(C)C)cc2c3c(N)nc(N)nc3ccc21,9.698970004336019,0.2,Homo sapiens
CHEMBL318721,CCC(CC)n1ccc2c3c(N)nc(N)nc3ccc21,8.346787486224656,4.5,Homo sapiens
CHEMBL353764,Nc1nc(N)c2c(ccc3[nH]ccc32)n1,6.0,1000.0,Homo sapiens
CHEMBL369258,CCc1cc2c3c(N)nc(N)nc3ccc2n1C(C)(C)C,10.0,0.1,Homo sapiens
CHEMBL424170,CCC(C)(C)n1c(C)cc2c3c(N)nc(N)nc3ccc21,9.397940008672037,0.4,Homo sapiens
CHEMBL353763,CCCc1cc2c3c(N)nc(N)nc3ccc2n1CC,7.619788758288394,24.0,Homo sapiens
CHEMBL170758,CCC(CC)n1c(C)cc2c3c(N)nc(N)nc3ccc21,9.522878745280337,0.3,Homo sapiens
CHEMBL353929,Cc1cc2c3c(N)nc(N)nc3ccc2n1C,7.060480747381382,87.0,Homo sapiens
CHEMBL170144,CCc1cc2c3c(N)nc(N)nc3ccc2n1CC,8.0,10.0,Homo sapiens
CHEMBL171765,CCC(CC)n1c(C(C)C)cc2c3c(N)nc(N)nc3ccc21,10.0,0.1,Homo sapiens
CHEMBL173617,Cc1cc2c3c(N)nc(N)nc3ccc2n1C(C)C,8.193820026016112,6.4,Homo sapiens
CHEMBL170900,CCc1cc2c3c(N)nc(N)nc3ccc2n1C,7.537602002101044,29.0,Homo sapiens
CHEMBL171494,CCCc1cc2c3c(N)nc(N)nc3ccc2n1C(CC)CC,9.397940008672037,0.4,Homo sapiens
CHEMBL171629,CCCCc1cc2c3c(N)nc(N)nc3ccc2n1C(C)(C)C,7.522878745280337,30.0,Homo sapiens
CHEMBL353161,CC(C)c1cc2c(ccc3nc(N)nc(N)c32)[nH]1,8.0,10.0,Homo sapiens
CHEMBL352960,CCc1cc2c3c(N)nc(N)nc3ccc2n1C(CC)CC,9.698970004336019,0.2,Homo sapiens
CHEMBL174414,Cn1ccc2c3c(N)nc(N)nc3ccc21,6.638272163982407,230.0,Homo sapiens
CHEMBL170760,CCc1cc2c3c(N)nc(N)nc3ccc2n1C(C)CC,10.0,0.1,Homo sapiens
CHEMBL353621,COc1cc(Cn2ccc3c4c(N)nc(N)nc4ccc32)cc(OC)c1OC,8.221848749616356,6.0,Homo sapiens
CHEMBL145947,Nc1ncc(CCCCc2ccc(C(=O)N[C@@H](CCC(=O)O)C(=O)O)cc2)c(N)n1,11.301029995663981,0.005,Homo sapiens
CHEMBL443763,Nc1ncc(CCCc2ccc(C(=O)N[C@@H](CCC(=O)O)C(=O)O)cc2)c(N)n1,9.920818753952375,0.12,Homo sapiens
CHEMBL284943,Nc1nc(N)c2nc(CN(CCCCC(=O)O)c3ccc(C(=O)NC(CCC(=O)O)C(=O)O)cc3)cnc2n1,9.882728704344236,0.131,Homo sapiens
CHEMBL265757,CCOC(=O)CCCCCN(Cc1cnc2nc(N)nc(N)c2n1)c1ccc(C(=O)NC(CCC(=O)OCC)C(=O)OCC)cc1,7.2541448048262716,55.7,Homo sapiens
CHEMBL35364,Nc1nc(N)c2nc(CN(CCCC(=O)O)c3ccc(C(=O)NC(CCC(=O)O)C(=O)O)cc3)cnc2n1,9.97061622231479,0.107,Homo sapiens
CHEMBL285474,CCOC(=O)CCCN(Cc1cnc2nc(N)nc(N)c2n1)c1ccc(C(=O)NC(CCC(=O)OCC)C(=O)OCC)cc1,7.85078088734462,14.1,Homo sapiens
CHEMBL35427,Nc1nc(N)c2nc(CN(CCCCCC(=O)O)c3ccc(C(=O)NC(CCC(=O)O)C(=O)O)cc3)cnc2n1,9.73754891026957,0.183,Homo sapiens
CHEMBL35552,CCOC(=O)CCCCN(Cc1cnc2nc(N)nc(N)c2n1)c1ccc(C(=O)NC(CCC(=O)OCC)C(=O)OCC)cc1,7.335358024443875,46.2,Homo sapiens
CHEMBL416552,CCCCCCc1nc(N)nc(N)c1-c1ccccc1,4.823908740944319,15000.0,Homo sapiens
CHEMBL1679,Nc1nc(=O)c2c([nH]1)NCC(CNc1ccc(C(=O)N[C@@H](CCC(=O)O)C(=O)O)cc1)N2C=O,5.625251653989896,2370.0,Homo sapiens
CHEMBL225072,Nc1nc2[nH]cc(CCc3ccc(C(=O)N[C@@H](CCC(=O)O)C(=O)O)cc3)c2c(=O)[nH]1,8.154901959985743,7.0,Homo sapiens
CHEMBL386685,O=C1OC(c2ccc(O)cc2)(c2ccc(O)cc2)c2c1ccc1ccccc21,3.9586073148417746,110000.0,Homo sapiens
CHEMBL217227,O=C1OC(c2ccc(O)c(F)c2)(c2ccc(O)c(F)c2)c2ccc(Cl)c3cccc1c23,4.920818753952375,12000.0,Homo sapiens
CHEMBL303171,O=C1OC(c2ccc(O)c(F)c2)(c2ccc(O)c(F)c2)c2cccc3cccc1c23,4.376750709602099,42000.0,Homo sapiens
CHEMBL216675,O=C1OC(c2ccc(O)c(Br)c2)(c2ccc(O)c(Br)c2)c2ccc(Cl)c3cccc1c23,4.886056647693163,13000.0,Homo sapiens
CHEMBL385891,O=C1OC(c2cc(Br)c(O)c(Br)c2)(c2cc(Br)c(O)c(Br)c2)c2cccc3cccc1c23,5.022276394711152,9500.0,Homo sapiens
CHEMBL387007,O=C1OC(c2ccc(O)c(Br)c2)(c2ccc(O)c(Br)c2)c2cccc3cccc1c23,4.823908740944319,15000.0,Homo sapiens
CHEMBL217765,O=C1OC(c2ccc(O)cc2)(c2ccc(O)c(Br)c2)c2cccc3cccc1c23,5.468521082957745,3400.0,Homo sapiens
CHEMBL386282,O=C1OC(c2cc(Cl)c(O)c(Cl)c2)(c2cc(Cl)c(O)c(Cl)c2)c2cccc3cccc1c23,4.552841968657781,28000.0,Homo sapiens
CHEMBL67116,O=C1OC(c2ccc(O)c(Cl)c2)(c2ccc(O)c(Cl)c2)c2cccc3cccc1c23,5.2839966563652006,5200.0,Homo sapiens
CHEMBL385296,O=C1OC(c2ccc(O)c(I)c2)(c2ccc(O)c(I)c2)c2cccc3cccc1c23,4.026872146400302,94000.0,Homo sapiens
CHEMBL411871,O=C1OC(c2ccc(O)c(F)c2)(c2ccc(O)c(F)c2)c2ccc3ccccc3c21,3.962573502059376,109000.0,Homo sapiens
CHEMBL217760,O=C1OC(c2ccc(O)c(Cl)c2)(c2ccc(O)c(Cl)c2)c2ccc3ccccc3c21,4.455931955649724,35000.0,Homo sapiens
CHEMBL414689,Cc1cc(O)c(C(C)C)cc1C1(c2cc(C(C)C)c(O)cc2C)OC(=O)c2ccc3ccccc3c21,4.886056647693163,13000.0,Homo sapiens
CHEMBL214872,O=C1OC(c2cc(Br)c(O)c(Br)c2)(c2cc(Br)c(O)c(Br)c2)c2c1ccc1ccccc21,4.161150909262744,69000.0,Homo sapiens
CHEMBL215133,O=C1OC(c2ccc(O)c(Br)c2)(c2ccc(O)c(Br)c2)c2c1ccc1ccccc21,4.481486060122113,33000.0,Homo sapiens
CHEMBL216560,O=C1OC(c2ccc(O)c(I)c2)(c2ccc(O)c(I)c2)c2c1ccc1ccccc21,5.4089353929735005,3900.0,Homo sapiens
CHEMBL386442,O=C1OC(c2ccc(O)cc2)(c2ccc(O)cc2)c2ccc3ccccc3c21,4.455931955649724,35000.0,Homo sapiens
CHEMBL390990,Nc1nc(N)c2nc(CNc3ccc4c(c3)CN([C@@H](CCC(=O)O)C(=O)O)C4=O)cnc2n1,10.468521082957745,0.034,Homo sapiens
CHEMBL388501,Nc1nc(N)c2nc(CNc3ccc4c(c3)CN(C(CCC(=O)O)C(=O)O)C4=O)cnc2n1,10.113509274827518,0.077,Homo sapiens
CHEMBL224946,CN(Cc1cnc2nc(N)nc(N)c2n1)c1ccc2c(c1)CN([C@@H](CCC(=O)O)C(=O)O)C2=O,8.67778070526608,2.1,Homo sapiens
CHEMBL518405,COc1ccc(Nc2nc3cc(N)cc(N)c3nc2-c2ccccc2)cc1,5.7447274948966935,1800.0,Homo sapiens
CHEMBL464844,COc1cc(Nc2nc3cc(N)cc(N)c3nc2-c2ccccc2)cc(OC)c1,6.221848749616356,600.0,Homo sapiens
CHEMBL464504,COc1cc(Nc2nc3cc(N)cc(N)c3nc2-c2ccccc2)cc(OC)c1OC,7.0,100.0,Homo sapiens
CHEMBL606039,COc1ccccc1/C(C)=C\c1coc2nc(N)nc(N)c12,6.301029995663981,500.0,Homo sapiens
CHEMBL610181,COc1ccccc1/C(C)=C/c1coc2nc(N)nc(N)c12,5.795880017344075,1600.0,Homo sapiens
CHEMBL603198,COc1ccccc1C(Cc1coc2nc(N)nc(N)c12)C1CC1,6.187086643357144,650.0,Homo sapiens
CHEMBL595757,COc1ccccc1C(Cc1coc2nc(N)nc(N)c12)C(C)C,6.113509274827518,770.0,Homo sapiens
CHEMBL594810,COc1ccccc1C(=Cc1coc2nc(=N)[nH]c(N)c12)C(C)C,6.080921907623926,830.0,Homo sapiens
CHEMBL603849,CCC(C)C(=Cc1coc2nc(=N)[nH]c(N)c12)c1ccccc1OC,5.958607314841775,1100.0,Homo sapiens
CHEMBL594320,COc1ccccc1C(=Cc1coc2nc(=N)[nH]c(N)c12)C1CC1,5.886056647693163,1300.0,Homo sapiens
CHEMBL595497,CCCC(=Cc1coc2nc(=N)[nH]c(N)c12)c1ccccc1OC,5.795880017344075,1600.0,Homo sapiens
CHEMBL605413,CCCC(Cc1coc2nc(N)nc(N)c12)c1ccccc1OC,5.6020599913279625,2500.0,Homo sapiens
CHEMBL604879,CCCCC(=Cc1coc2nc(=N)[nH]c(N)c12)c1ccccc1OC,5.366531544420413,4300.0,Homo sapiens
CHEMBL594339,CCC(C)C(Cc1coc2nc(N)nc(N)c12)c1ccccc1OC,5.337242168318426,4600.0,Homo sapiens
CHEMBL606362,COc1ccccc1C(Cc1coc2nc(N)nc(N)c12)CC(C)C,5.275724130399211,5300.0,Homo sapiens
CHEMBL593154,COc1ccccc1C(=Cc1coc2nc(=N)[nH]c(N)c12)CC(C)C,4.958607314841775,11000.0,Homo sapiens
CHEMBL594790,CCCCC(Cc1coc2nc(N)nc(N)c12)c1ccccc1OC,4.920818753952375,12000.0,Homo sapiens
CHEMBL1163286,COc1ccc(NCc2ccc3nc(N)nc(N)c3c2)cc1OC,7.928117992693874,11.8,Homo sapiens
CHEMBL1165388,CCOC(=O)CCCOc1cc(NCc2ccc3nc(N)nc(N)c3c2)ccc1OC,8.017728766960431,9.6,Homo sapiens
CHEMBL1165305,COC(=O)CCCCOc1cc(NCc2ccc3nc(N)nc(N)c3c2)ccc1OC,7.886056647693163,13.0,Homo sapiens
CHEMBL1165306,COC(=O)c1ccc(COc2cc(NCc3ccc4nc(N)nc(N)c4c3)ccc2OC)cc1,7.610833915635467,24.5,Homo sapiens
CHEMBL1164234,CCCN(Cc1ccc2nc(N)nc(N)c2c1)c1ccc(OC)c(OCCCCC(=O)OC)c1,6.7258421507363195,188.0,Homo sapiens
CHEMBL1164279,COc1ccc(NCc2ccc3nc(N)nc(N)c3c2)cc1OCCCC(=O)O,7.302770657240282,49.8,Homo sapiens
CHEMBL138060,COc1ccc(OC)c(CNc2ccc3nc(N)nc(N)c3c2Cl)c1,7.991399828238082,10.2,Homo sapiens
CHEMBL129788,CC1(C)N=C(N)N=C(N)N1OCCCOc1cc(Cl)c(Cl)cc1Cl,8.113509274827518,7.7,Homo sapiens
CHEMBL747,CC1(C)N=C(N)N=C(N)N1c1ccc(Cl)cc1,7.2549252084179425,55.6,Homo sapiens
CHEMBL1818129,CCOc1ccc(C(=O)N(CC)CC)cc1-c1cc2nc(N)nc(N)c2cc1C,7.468521082957745,34.0,Homo sapiens
CHEMBL1818128,CCOc1ccc2ccccc2c1-c1cc2nc(N)nc(N)c2cc1C,8.346787486224656,4.5,Homo sapiens
CHEMBL1818127,CCOc1ccc(-c2cccc(NS(C)(=O)=O)c2)cc1-c1ccc2c(N)nc(N)nc2c1,8.236572006437063,5.8,Homo sapiens
CHEMBL1818126,CCOc1ccc(-c2cccnc2)cc1-c1ccc2c(N)nc(N)nc2c1,7.995678626217357,10.1,Homo sapiens
CHEMBL1818125,CCOc1ccc2[nH]ccc2c1-c1cc2nc(N)nc(N)c2cc1C,6.610833915635467,245.0,Homo sapiens
CHEMBL1818124,CCOc1ccc(Br)cc1-c1cc2nc(N)nc(N)c2cc1C,7.954677021213342,11.1,Homo sapiens
CHEMBL1818123,CCOc1ccc(C)cc1-c1cc2nc(N)nc(N)c2cc1C,7.653647025549361,22.2,Homo sapiens
CHEMBL1818122,CCOc1ccc(Cl)cc1-c1cc2nc(N)nc(N)c2cc1C,7.954677021213342,11.1,Homo sapiens
CHEMBL1818121,CCOc1ccc(C=O)cc1-c1cc2nc(N)nc(N)c2cc1C,7.920818753952375,12.0,Homo sapiens
CHEMBL1818120,CC(=O)c1cccc(-c2cc3nc(N)nc(N)c3cc2C)c1,7.580044251510242,26.3,Homo sapiens
CHEMBL1818119,CC(=O)c1cccc(-c2ccc3c(N)nc(N)nc3c2)c1,6.490797477668897,323.0,Homo sapiens
CHEMBL1818106,Cc1cc2c(N)nc(N)nc2cc1-c1ccccc1C(C)C,7.679853713888946,20.9,Homo sapiens
CHEMBL1818118,CCOc1ccccc1-c1ccc2c(N)nc(N)nc2c1,7.070581074285707,85.0,Homo sapiens
CHEMBL1818117,CCc1ccccc1-c1cc2nc(N)nc(N)c2cc1C,7.386158178123931,41.1,Homo sapiens
CHEMBL1818116,Cc1ccccc1-c1cc2nc(N)nc(N)c2cc1C,7.0195421077239,95.6,Homo sapiens
CHEMBL1818115,COc1ccc(OC)c(-c2cc3nc(N)nc(N)c3cc2C)c1,7.560667306169737,27.5,Homo sapiens
CHEMBL1818114,COc1ccc(-c2cc3nc(N)nc(N)c3cc2C)cc1OC,7.913640169325252,12.2,Homo sapiens
CHEMBL1818113,COc1ccccc1-c1ccc2c(N)nc(N)nc2c1,5.943857737940948,1138.0,Homo sapiens
CHEMBL1818112,Cc1cc2c(N)nc(N)nc2cc1-c1ccc(S(C)(=O)=O)cc1,7.355561410532161,44.1,Homo sapiens
CHEMBL1818111,CS(=O)(=O)c1ccc(-c2ccc3c(N)nc(N)nc3c2)cc1,6.596879478824182,253.0,Homo sapiens
CHEMBL1818110,Cc1cc2c(N)nc(N)nc2cc1-c1ccc(N)cc1,6.860120913598763,138.0,Homo sapiens
CHEMBL1818109,Nc1ccc(-c2ccc3c(N)nc(N)nc3c2)cc1,6.153662887870195,702.0,Homo sapiens
CHEMBL134561,COc1cc(Cc2cnc(N)nc2N)c2c(c1OC)OC(C1CC1)C=C2,6.110698297493689,775.0,Homo sapiens
CHEMBL1818107,Nc1nc(N)c2ccc(-c3ccccc3)cc2n1,6.129011186239424,743.0,Homo sapiens
CHEMBL1818108,Cc1cc2c(N)nc(N)nc2cc1-c1ccccc1,6.889410289700751,129.0,Homo sapiens
CHEMBL2178604,Nc1nc(N)c2nc(CNc3ccc(C(=O)N4CCC(C(=O)O)CC4)cc3)cnc2n1,6.229147988357855,590.0,Homo sapiens
CHEMBL2178603,CCc1ccc(NCc2cnc3nc(N)nc(N)c3n2)cc1C(=O)N1CCC(C(=O)OC)CC1,5.329754146925875,4680.0,Homo sapiens
CHEMBL2178602,COC(=O)C1CCN(C(=O)c2ccc(N(CCO)Cc3cnc4nc(N)nc(N)c4n3)cc2)CC1,5.363512103646634,4330.0,Homo sapiens
CHEMBL2178599,NC(=O)C1CCN(C(=O)c2ccc(NCc3cnc4nc(N)nc(N)c4n3)cc2)CC1,4.811634073936852,15430.0,Homo sapiens
CHEMBL1232702,COC(=O)C1CCN(C(=O)c2ccc(N(C)Cc3cnc4nc(N)nc(N)c4n3)cc2)CC1,6.096910013008056,800.0,Homo sapiens
CHEMBL1232399,COC(=O)C1CCN(C(=O)c2ccc(NCc3cnc4nc(N)nc(N)c4n3)cc2)CC1,5.0,10000.0,Homo sapiens
CHEMBL3121457,C#CCN(Cc1nc2cc(C(F)(F)F)ccc2nc1-c1ccccc1)c1ccc(CC(=O)OCC)cc1,5.522878745280337,3000.0,Homo sapiens
CHEMBL3121455,C#CCN(Cc1nc2cc(C(F)(F)F)ccc2nc1-c1ccccc1)c1cc(OC)c(OC)c(OC)c1,5.3979400086720375,4000.0,Homo sapiens
CHEMBL3121454,C#CCN(Cc1nc2cc(C(F)(F)F)ccc2nc1-c1ccccc1)c1ccc(OC)c(OC)c1,5.522878745280337,3000.0,Homo sapiens
CHEMBL3121453,C#CCN(Cc1nc2cc(C(F)(F)F)ccc2nc1-c1ccccc1)c1ccc(F)c(F)c1,5.096910013008056,8000.0,Homo sapiens
CHEMBL3121452,C#CCN(Cc1nc2cc(C(F)(F)F)ccc2nc1-c1ccccc1)c1ccc(OC(F)(F)F)cc1,5.3979400086720375,4000.0,Homo sapiens
CHEMBL3121451,C#CCN(Cc1nc2cc(C(F)(F)F)ccc2nc1-c1ccccc1)c1ccc(OC)cc1,5.522878745280337,3000.0,Homo sapiens
CHEMBL3121450,C#CCN(Cc1nc2cc(C(F)(F)F)ccc2nc1-c1ccccc1)c1ccc(F)cc1,5.096910013008056,8000.0,Homo sapiens
CHEMBL3121449,C#CCN(Cc1nc2cc(C(F)(F)F)ccc2nc1-c1ccccc1)c1ccc(Cl)cc1,5.3979400086720375,4000.0,Homo sapiens
CHEMBL3121448,C#CCN(Cc1nc2cc(C(F)(F)F)ccc2nc1-c1ccccc1)c1ccccc1Cl,5.698970004336019,2000.0,Homo sapiens
CHEMBL3121447,C#CCN(Cc1nc2cc(C(F)(F)F)ccc2nc1-c1ccccc1)c1ccc(C)cc1,5.221848749616356,6000.0,Homo sapiens
CHEMBL3121446,CCOC(=O)CC[C@H](NC(=O)c1ccc(N(CC)Cc2nc3cc(C(F)(F)F)ccc3nc2-c2ccccc2)cc1)C(=O)OCC,5.3979400086720375,4000.0,Homo sapiens
CHEMBL3121445,CCOC(=O)Cc1ccc(N(CC)Cc2nc3cc(C(F)(F)F)ccc3nc2-c2ccccc2)cc1,5.522878745280337,3000.0,Homo sapiens
CHEMBL3121444,CCN(Cc1nc2cc(C(F)(F)F)ccc2nc1-c1ccccc1)c1cc(OC)c(OC)c(OC)c1,5.221848749616356,6000.0,Homo sapiens
CHEMBL3121443,CCN(Cc1nc2cc(C(F)(F)F)ccc2nc1-c1ccccc1)c1ccc(OC)c(OC)c1,5.3979400086720375,4000.0,Homo sapiens
CHEMBL3121442,CCN(Cc1nc2cc(C(F)(F)F)ccc2nc1-c1ccccc1)c1ccc(F)c(F)c1,5.301029995663981,5000.0,Homo sapiens
CHEMBL3121471,CCN(Cc1nc2cc(C(F)(F)F)ccc2nc1-c1ccccc1)c1ccc(OC(F)(F)F)cc1,5.301029995663981,5000.0,Homo sapiens
CHEMBL3121470,CCN(Cc1nc2cc(C(F)(F)F)ccc2nc1-c1ccccc1)c1ccc(OC)cc1,5.154901959985743,7000.0,Homo sapiens
CHEMBL3121469,CCN(Cc1nc2cc(C(F)(F)F)ccc2nc1-c1ccccc1)c1ccc(F)cc1,5.522878745280337,3000.0,Homo sapiens
CHEMBL3121468,CCN(Cc1nc2cc(C(F)(F)F)ccc2nc1-c1ccccc1)c1ccc(Cl)cc1,5.522878745280337,3000.0,Homo sapiens
CHEMBL3121467,CCN(Cc1nc2cc(C(F)(F)F)ccc2nc1-c1ccccc1)c1ccc(C)cc1,5.3979400086720375,4000.0,Homo sapiens
CHEMBL3121466,Cc1ccc(N(C)Cc2nc3cc(C(F)(F)F)ccc3nc2-c2ccccc2)cc1,4.958607314841775,11000.0,Homo sapiens
CHEMBL3121464,COc1cc(N(C)Cc2nc3cc(C(F)(F)F)ccc3nc2-c2ccccc2)cc(OC)c1OC,5.301029995663981,5000.0,Homo sapiens
CHEMBL3121463,COc1ccc(N(C)Cc2nc3cc(C(F)(F)F)ccc3nc2-c2ccccc2)cc1OC,5.096910013008056,8000.0,Homo sapiens
CHEMBL3121462,CN(Cc1nc2cc(C(F)(F)F)ccc2nc1-c1ccccc1)c1ccc(F)c(F)c1,5.3979400086720375,4000.0,Homo sapiens
CHEMBL3121461,CN(Cc1nc2cc(C(F)(F)F)ccc2nc1-c1ccccc1)c1ccc(OC(F)(F)F)cc1,5.522878745280337,3000.0,Homo sapiens
CHEMBL3121460,COc1ccc(N(C)Cc2nc3cc(C(F)(F)F)ccc3nc2-c2ccccc2)cc1,5.522878745280337,3000.0,Homo sapiens
CHEMBL3121459,CN(Cc1nc2cc(C(F)(F)F)ccc2nc1-c1ccccc1)c1ccc(F)cc1,5.301029995663981,5000.0,Homo sapiens
CHEMBL3121458,CN(Cc1nc2cc(C(F)(F)F)ccc2nc1-c1ccccc1)c1ccc(Cl)cc1,5.301029995663981,5000.0,Homo sapiens
CHEMBL3121472,CCOC(=O)CC[C@H](NC(=O)c1ccc(N(C)Cc2nc3cc(C(F)(F)F)ccc3nc2-c2ccccc2)cc1)C(=O)OCC,6.698970004336019,200.0,Homo sapiens
CHEMBL3127915,COc1ccc(-c2nc3cc(C)c(C)cc3n2-c2ccc3c(N)nc(N)nc3c2)cc1,5.63846102873072,2299.0,Homo sapiens
CHEMBL3127914,Cc1cc2nc(-c3ccncc3)n(-c3ccc4c(N)nc(N)nc4c3)c2cc1C,6.359518563029578,437.0,Homo sapiens
CHEMBL3127913,Cc1cc2nc(-c3cccnc3)n(-c3ccc4c(N)nc(N)nc4c3)c2cc1C,5.80576325127617,1564.0,Homo sapiens
CHEMBL3127912,Cc1cc2nc(-c3ccccn3)n(-c3ccc4c(N)nc(N)nc4c3)c2cc1C,6.242603971206975,572.0,Homo sapiens
CHEMBL3128027,Cc1cc2nc(-c3cncn3C)n(-c3ccc4c(N)nc(N)nc4c3)c2cc1C,5.534319788401723,2922.0,Homo sapiens
CHEMBL3128026,Cc1cc2nc(-c3ccsc3)n(-c3ccc4c(N)nc(N)nc4c3)c2cc1C,6.178486471595226,663.0,Homo sapiens
CHEMBL3128025,Cc1cc2nc(-c3cccs3)n(-c3ccc4c(N)nc(N)nc4c3)c2cc1C,5.988852639224202,1026.0,Homo sapiens
CHEMBL3128024,Cc1cc2nc(-c3ccoc3)n(-c3ccc4c(N)nc(N)nc4c3)c2cc1C,6.140861702705469,723.0,Homo sapiens
CHEMBL3128023,Cc1cc2nc(-c3ccco3)n(-c3ccc4c(N)nc(N)nc4c3)c2cc1C,6.0254883072626715,943.0,Homo sapiens
CHEMBL3128022,Cc1cc2nc(-c3cscn3)n(-c3ccc4c(N)nc(N)nc4c3)c2cc1C,5.9582126810282485,1101.0,Homo sapiens
CHEMBL3128021,Cc1cc2nc(-c3nccs3)n(-c3ccc4c(N)nc(N)nc4c3)c2cc1C,7.031517051446065,93.0,Homo sapiens
CHEMBL3128020,Cc1cc2ncn(-c3ccc4c(N)nc(N)nc4c3)c2cc1C,5.793984123236656,1607.0,Homo sapiens
CHEMBL3127910,COc1cc2nc(-c3ccccn3)n(-c3ccc4c(N)nc(N)nc4c3)c2cc1OC,6.075204004202088,841.0,Homo sapiens
CHEMBL3127909,COc1cc2nc(-c3ccco3)n(-c3cc4nc(N)nc(N)c4cc3Cl)c2cc1OC,6.214670164989233,610.0,Homo sapiens
CHEMBL3128018,COc1cc2nc(-c3nccs3)n(-c3cc4nc(N)nc(N)c4cc3Cl)c2cc1OC,6.494850021680094,320.0,Homo sapiens
CHEMBL3128017,COc1cc2nc(-c3nccs3)n(-c3cc4nc(N)nc(N)c4cc3C)c2cc1OC,6.769551078621726,170.0,Homo sapiens
CHEMBL3128016,COc1cc2nc(-c3nccs3)n(-c3ccc4c(N)nc(N)nc4c3)c2cc1OC,6.068542129310995,854.0,Homo sapiens
CHEMBL3128014,Cc1cc2nc(-c3nccs3)n(-c3cc4nc(N)nc(N)c4cc3Cl)c2cc1C,8.119186407719209,7.6,Homo sapiens
CHEMBL3128013,Cc1cc2nc(-c3nccs3)n(-c3cc4nc(N)nc(N)c4cc3C)c2cc1C,8.537602002101044,2.9,Homo sapiens
CHEMBL3127919,Cc1cc2nc(C3CCCO3)n(-c3ccc4c(N)nc(N)nc4c3)c2cc1C,6.125518182300533,749.0,Homo sapiens
CHEMBL3127917,Cc1cc2nc(N3CCOCC3)n(-c3ccc4c(N)nc(N)nc4c3)c2cc1C,5.9641701747471725,1086.0,Homo sapiens
CHEMBL3127916,Cc1cc2nc(C3CC3)n(-c3ccc4c(N)nc(N)nc4c3)c2cc1C,5.93404701968613,1164.0,Homo sapiens
CHEMBL145979,Nc1nc(N)c2cc(CNc3cc(Cl)ccc3Cl)cnc2n1,7.61261017366127,24.4,Homo sapiens
CHEMBL3681399,COc1ccc(CO)cc1-c1cc2nc(N)nc(N)c2cc1C,7.560667306169737,27.5,Homo sapiens
CHEMBL3686070,Cc1c(C(=O)OC(C)(C)C)nc(-c2cccs2)n1-c1ccc2c(N)nc(N)nc2c1,5.718285029972704,1913.0,Homo sapiens
CHEMBL3686069,COc1cnc(Cl)cc1-c1cc2nc(N)nc(N)c2cc1C,7.280668713016274,52.4,Homo sapiens
CHEMBL3681406,COc1ccc2nc(SCCC(C)(F)F)n(-c3ccc4c(N)nc(N)nc4c3)c2c1,6.232102383981909,586.0,Homo sapiens
CHEMBL3686068,COc1ccc2nc(-c3ccco3)n(-c3ccc4c(N)nc(N)nc4c3)c2n1,6.098541678603888,797.0,Homo sapiens
CHEMBL3681400,Cc1cc2c(N)nc(N)nc2cc1-c1cccc2[nH]ccc12,6.610833915635467,245.0,Homo sapiens
CHEMBL3681412,COC(=O)c1ccc2c(c1)nc(-c1nccs1)n2-c1ccc2c(N)nc(N)nc2c1,7.274905478918531,53.1,Homo sapiens
CHEMBL3681401,Nc1nc(N)c2cc(Cn3ccnc3)c(-c3ccc(CO)c(CO)c3)cc2n1,7.27083521030723,53.6,Homo sapiens
CHEMBL3681413,COc1cc(-c2cc3nc(N)nc(N)c3cc2C)cc(OC)c1OC,7.326979092871104,47.1,Homo sapiens
CHEMBL3681408,COc1cc2c(cc1CO)nc(-c1nccs1)n2-c1cc2nc(N)nc(N)c2cc1C,6.769551078621726,170.0,Homo sapiens
CHEMBL3681405,Cc1cc2nc(-c3ccc4c(N)nc(N)nc4c3)n(CCCO)c2cc1C,6.580044251510242,263.0,Homo sapiens
CHEMBL3686067,Cc1ccc2c(c1)nc(-c1cccs1)n2-c1ccc2c(N)nc(N)nc2c1,6.503070351926786,314.0,Homo sapiens
CHEMBL3681414,COc1cc2c(cc1CO)nc(-c1nccs1)n2-c1ccc2c(N)nc(N)nc2c1,6.068542129310995,854.0,Homo sapiens
CHEMBL3686071,Cc1cc2c(N)nc(N)nc2cc1-c1c[nH]c2ccccc12,7.296708621881338,50.5,Homo sapiens
CHEMBL3681398,COc1ccc(OC)c(-c2ccc3c(N)nc(N)nc3c2)c1,6.462180904926726,345.0,Homo sapiens
CHEMBL3681403,[C-]#[N+]c1cc(N)cc(-c2cc3nc(N)nc(N)c3cc2C)c1,7.356547323513812,44.0,Homo sapiens
CHEMBL3681404,[C-]#[N+]Cc1cccc(-c2cc3nc(N)nc(N)c3cc2C)c1,7.356547323513812,44.0,Homo sapiens
CHEMBL3681407,COc1cc2c(cc1CO)nc(-c1nccs1)n2-c1cc2nc(N)nc(N)c2cc1Cl,6.494850021680094,320.0,Homo sapiens
CHEMBL3681397,Nc1nc(N)c2ccc(-c3ccccc3N)cc2n1,5.406492410668235,3922.0,Homo sapiens
CHEMBL3681411,COc1nc(CO)ncc1-c1cc2nc(N)nc(N)c2cc1C,7.262012673666569,54.7,Homo sapiens
CHEMBL3681410,Cc1cc2c(N)nc(N)nc2cc1-c1cc(CO)ncc1Cl,7.251811972993799,56.0,Homo sapiens
CHEMBL3681402,[C-]#[N+]c1cccc(-c2cc3nc(N)nc(N)c3cc2C)c1,7.259637310505756,55.0,Homo sapiens
CHEMBL3681409,Cc1cc2c(N)nc(N)nc2cc1-c1cnc2[nH]ccc2c1,6.628932137728263,235.0,Homo sapiens
CHEMBL3787137,O=C1Nc2ccccc2/C1=C/c1cn(CC(O)Cn2cc(/C=C3\C(=O)Nc4ccccc43)c3ccccc32)c2ccccc12,8.234331445240986,5.83,Homo sapiens
CHEMBL3827086,CCc1nc(N)nc(N)c1C#CCc1cc(-c2ccccc2C(=O)O)ccc1OC,5.602946856981891,2494.9,Homo sapiens
CHEMBL3828724,CCc1nc(N)nc(N)c1C#CCc1cc(-c2cccc(C(=O)O)c2)ccc1OC.O=C(O)C(F)(F)F,6.460735664052545,346.15,Homo sapiens
CHEMBL3827532,CCc1nc(N)nc(N)c1C#CCc1cc(-c2ccc(C(=O)O)cc2)ccc1OC,6.6973011810082115,200.77,Homo sapiens
CHEMBL3828291,CCc1nc(N)nc(N)c1C#CCc1cc(OC)cc(-c2ccc(C(=O)O)cc2)c1.O=C(O)C(F)(F)F,6.799231555216828,158.77,Homo sapiens
CHEMBL3827326,CC(=O)O.CCc1nc(N)nc(N)c1C#C[C@H](C)c1cc(-c2ccc(C(=O)O)cc2)ccc1OC,6.424096620965646,376.62,Homo sapiens
CHEMBL3827760,CC(=O)O.CCc1nc(N)nc(N)c1C#C[C@@H](C)c1cc(-c2ccc(C(=O)O)cc2)ccc1OC,6.345679038296321,451.15,Homo sapiens
CHEMBL3828485,CCc1nc(N)nc(N)c1C#C[C@H](C)c1cc(OC)cc(-c2ccc(C(=O)O)cc2)c1,6.630357481594741,234.23,Homo sapiens
CHEMBL3828581,CCc1nc(N)nc(N)c1C#C[C@@H](C)c1cc(OC)cc(-c2ccc(C(=O)O)cc2)c1,6.410474852562463,388.62,Homo sapiens
CHEMBL7130,CC1(C)N=C(N)N=C(N)N1c1cccc(Cl)c1,7.0,100.0,Homo sapiens
CHEMBL268088,CC1(C)N=C(N)N=C(N)N1c1cccc(Br)c1,7.154901959985743,70.0,Homo sapiens
CHEMBL6948,CC1(C)N=C(N)N=C(N)N1c1cccc(C(F)(F)F)c1,6.886056647693163,130.0,Homo sapiens
CHEMBL92583,CC1(C)N=C(N)N=C(N)N1c1ccc(Cl)c(Cl)c1,6.958607314841775,110.0,Homo sapiens
CHEMBL4105317,NC1=NC2(CCCCC2)N(c2cccc(C(F)(F)F)c2)C(N)=N1,4.8804142250382165,13170.0,Homo sapiens
CHEMBL2382332,CC(C)c1ccc(N(C)c2cnc3nc(N)nc(N)c3c2)cc1,7.958607314841775,11.0,Homo sapiens
CHEMBL4167391,Cc1ccc(C(=O)N2CCC3(CC2)N=C(N)N=C(N)N3c2cccc(Cl)c2)cc1,6.1938200260161125,640.0,Homo sapiens
CHEMBL4170787,NC1=NC2(CCN(C(=O)Nc3ccc(F)cc3)CC2)N(c2cccc(Cl)c2)C(N)=N1,6.275724130399211,530.0,Homo sapiens
CHEMBL4169854,CCS(=O)(=O)N1CCC2(CC1)N=C(N)N=C(N)N2CCOC,5.853871964321762,1400.0,Homo sapiens
CHEMBL4453575,O=C(OC[C@@H]1CO1)c1cccc2c(=O)c3ccccc3[nH]c12,7.036212172654444,92.0,Homo sapiens
CHEMBL4458303,O=c1c2ccccc2n(CC2CO2)c2ccccc12,5.795880017344075,1600.0,Homo sapiens
CHEMBL504816,Cn1cc(C[C@H](N)C(=O)O)c2ccccc21,3.0915149811213505,810000.0,Homo sapiens
CHEMBL54976,N[C@@H](Cc1c[nH]c2ccccc12)C(=O)O,2.5528419686577806,2800000.0,Homo sapiens
CHEMBL292303,N[C@H](Cc1c[nH]c2ccccc12)C(=O)O,3.0555173278498318,880000.0,Homo sapiens
CHEMBL686,Cc1cccc(Nc2ccccc2C(=O)O)c1C,4.142667503568732,72000.0,Homo sapiens
CHEMBL461,O=C(O)CNC(=O)c1ccccc1,1.769551078621726,17000000.0,Homo sapiens
CHEMBL622,CCc1cccc2c3c([nH]c12)C(CC)(CC(=O)O)OCC3,2.7447274948966935,1800000.0,Homo sapiens
CHEMBL121772,O=C(O)c1cc(-c2ccccc2)ccc1O,4.318758762624412,48000.0,Homo sapiens
CHEMBL898,O=C(O)c1cc(-c2ccc(F)cc2F)ccc1O,4.468521082957745,34000.0,Homo sapiens
CHEMBL139,O=C(O)Cc1ccccc1Nc1c(Cl)cccc1Cl,3.795880017344075,160000.0,Homo sapiens
CHEMBL277522,O=C(O)CCC(=O)c1ccc(-c2ccccc2)cc1,3.443697499232713,360000.0,Homo sapiens
CHEMBL521,CC(C)Cc1ccc(C(C)C(=O)O)cc1,3.2518119729937993,560000.0,Homo sapiens
CHEMBL154,COc1ccc2cc([C@H](C)C(=O)O)ccc2c1,2.154901959985743,7000000.0,Homo sapiens
CHEMBL1618254,COc1ccc2cc([C@@H](C)C(=O)O)ccc2c1,2.4685210829577446,3400000.0,Homo sapiens
CHEMBL3278332,Nc1ccc(C(=O)N[C@@H](CCC(=O)O)C(=O)O)cc1,3.7447274948966935,180000.0,Homo sapiens
CHEMBL1233987,Nc1ccnc(N)n1,3.7447274948966935,180000.0,Homo sapiens
CHEMBL170988,N=C(N)NC(=N)NCCc1ccccc1,3.853871964321762,140000.0,Homo sapiens
CHEMBL1431,CN(C)C(=N)NC(=N)N,1.7447274948966935,18000000.0,Homo sapiens
