molecule_chembl_id,molecule_zinc_id,smiles_clean,pKi_mean_value,pKi_last_value,pKi_first_value,target_organism
CHEMBL21047,ZINC000000001233,CC1(C)N=C(N)N=C(N)N1c1ccc(Cl)cc1,6.976999999999999,7.09,8.96,PFLAK
CHEMBL21047,ZINC000000001409,CCc1nc(N)nc(N)c1-c1ccc(Cl)c(Cl)c1,8.27875,8.05,9.1,PFLAK
CHEMBL17636,ZINC000000010466,COc1cc(Cc2cnc(N)nc2N)ccc1OCc1ccccc1,6.878181818181818,6.15,5.86,PFLAK
CHEMBL17636,ZINC000000024946,COc1ccc(Cc2cnc(N)nc2N)cc1OC,6.716666666666666,5.58,7.94,PFLAK
CHEMBL21047,ZINC000000040057,Nc1ncc(-c2ccccc2)c(N)n1,7.1475,7.09,7.0,PFLAK
CHEMBL11357,ZINC000000057464,CCc1nc(N)nc(N)c1-c1ccc(Cl)cc1,7.912000000000001,6.07,9.72,PFLAK
CHEMBL21047,ZINC000000128065,N/N=C(\S)Nc1ccc(OCc2ccccc2)cc1,5.49,5.28,5.7,PFLAK
CHEMBL15522,ZINC000000146421,CC1(C)N=C(N)N=C(N)N1c1ccc(Br)cc1,7.863333333333333,5.71,8.96,PFLAK
CHEMBL17636,ZINC000000380804,COc1ccc(Cc2cnc(N)nc2N)cc1,6.453333333333333,6.33,7.63,PFLAK
CHEMBL15522,ZINC000001666573,CC1(C)N=C(N)N=C(N)N1c1ccc(Cl)c(Cl)c1,8.266666666666667,6.88,8.96,PFLAK
CHEMBL17662,ZINC000001666576,CC1(C)N=C(N)N=C(N)N1c1cccc(Cl)c1,7.207692307692308,7.05,5.89,PFLAK
CHEMBL15522,ZINC000001722911,CC[C@@H]1N=C(N)N=C(N)N1c1ccc(Cl)cc1,7.58,8.44,6.72,PFLAK
CHEMBL17662,ZINC000001748451,NC1=N[C@@H](c2ccccc2)N(c2ccc(Cl)cc2)C(N)=N1,7.052857142857143,7.31,5.73,PFLAK
CHEMBL15522,ZINC000001749924,NC1=N[C@@H](c2ccccc2)N(c2cccc(Cl)c2)C(N)=N1,7.024615384615384,6.01,8.0,PFLAK
CHEMBL15522,ZINC000002034275,CC(C)[C@H]1N=C(N)N=C(N)N1c1ccc(Cl)cc1,6.515,7.22,5.81,PFLAK
CHEMBL15522,ZINC000002034277,CC(C)[C@@H]1N=C(N)N=C(N)N1c1ccc(Cl)cc1,6.515,7.22,5.81,PFLAK
CHEMBL15522,ZINC000002034278,C[C@H]1N=C(N)N=C(N)N1c1ccc(Cl)cc1,6.98,8.39,6.9,PFLAK
CHEMBL15522,ZINC000002034279,C[C@@H]1N=C(N)N=C(N)N1c1ccc(Cl)cc1,6.98,8.39,6.9,PFLAK
CHEMBL17071,ZINC000002571257,NC(=S)N/N=C/c1ccc(Oc2ncc(C(F)(F)F)cc2Cl)cc1,5.234,5.03,5.64,PFLAK
CHEMBL15522,ZINC000003076473,Cc1ccc(N2C(N)=NC(N)=N[C@@H]2c2ccccc2)cc1,7.439999999999999,8.11,6.77,PFLAK
CHEMBL15522,ZINC000003076474,Cc1ccc(N2C(N)=NC(N)=N[C@H]2c2ccccc2)cc1,7.439999999999999,8.11,6.77,PFLAK
CHEMBL17071,ZINC000003133773,C=CCNC(=S)NNC(=O)c1cccn(Cc2cccc(Cl)c2)c1=O,5.72,6.39,5.0,PFLAK
CHEMBL17636,ZINC000003157274,CCCOc1ccc(Cc2cnc(N)nc2N)cc1,6.5675,6.67,5.96,PFLAK
CHEMBL21047,ZINC000003581056,CC1(C)N=C(N)N=C(N)N1OCCCOc1cc(Cl)c(Cl)cc1Cl,8.96,8.96,8.96,PFLAK
CHEMBL21047,ZINC000004322438,N/C(=N\O)c1ccc(CNC(=O)c2ccc(Cl)cc2)cc1,5.82,5.82,5.82,PFLAK
CHEMBL21047,ZINC000004394094,N/C(=N\O)c1ccc(Oc2cc(Cl)cc(Cl)c2)c([N+](=O)[O-])c1,5.445,5.01,5.77,PFLAK
CHEMBL17071,ZINC000004394823,N/C(=N/O)c1ccc(Oc2c(Cl)cncc2Cl)cc1,5.62,6.03,5.21,PFLAK
CHEMBL15522,ZINC000004821963,C[C@H]1N=C(N)N=C(N)N1c1ccc(Cl)c(Cl)c1,8.3,7.75,8.85,PFLAK
CHEMBL15522,ZINC000004983774,CC[C@H]1N=C(N)N=C(N)N1c1ccc(Cl)cc1,7.58,8.44,6.72,PFLAK
CHEMBL21047,ZINC000005372203,Cc1cc2nc3n(c2cc1C)C(C)(C)NC(N)=N3,6.74,6.74,6.74,PFLAK
CHEMBL21047,ZINC000005765026,Cc1[nH]c(N)cc2nc3ccccc3c1-2,5.64,5.64,5.64,PFLAK
CHEMBL17636,ZINC000005884512,CCOc1ccc(Cc2cnc(N)nc2N)cc1OC,6.663333333333334,5.45,7.81,PFLAK
CHEMBL16871,ZINC000005888905,COc1cc(Cc2cnc(N)nc2N)ccc1OCCCc1ccccc1,7.317142857142857,7.35,8.74,PFLAK
CHEMBL17636,ZINC000005974507,Nc1ncc(Cc2ccc(OCCCc3ccccc3)cc2)c(N)n1,6.7725,6.1,5.52,PFLAK
CHEMBL17636,ZINC000005974561,Nc1ncc(Cc2ccc(OCc3ccccc3)cc2)c(N)n1,6.572857142857143,6.0,7.0,PFLAK
CHEMBL21047,ZINC000005992377,N=C(NO)c1cccc(CS(=O)(=O)c2ccc(Cl)cc2)c1,6.1,6.1,6.1,PFLAK
CHEMBL17071,ZINC000006118700,NNc1nc2ccccc2nc1NN,5.4433333333333325,5.01,5.57,PFLAK
CHEMBL31502,ZINC000006627681,COc1cc(Cc2cnc(N)nc2N)cc(OC)c1OC,6.815,5.18,8.0,PFLAK
CHEMBL16871,ZINC000013282256,CCc1nc(N)nc(N)c1-c1ccc(Br)cc1,8.3625,7.35,9.52,PFLAK
CHEMBL21047,ZINC000013282257,CCc1nc(N)nc(N)c1-c1ccccc1,7.753333333333334,8.06,7.0,PFLAK
CHEMBL21047,ZINC000013282284,Cc1nc(N)nc(N)c1-c1ccc(Cl)cc1,7.9025,8.7,9.08,PFLAK
CHEMBL16871,ZINC000013284968,Cc1nc(N)nc(N)c1-c1ccccc1,7.4875,7.44,7.96,PFLAK
CHEMBL17071,ZINC000013468996,COC(=O)c1sccc1-c1ccc(/C(C)=N/NC(N)=O)o1,5.17,5.01,5.38,PFLAK
CHEMBL17071,ZINC000013469871,C/C(=N\N=C(/N)S)c1ccc(Oc2c(Cl)cncc2Cl)cc1,5.967142857142856,6.05,6.0,PFLAK
CHEMBL16871,ZINC000013472712,CCc1nc(N)nc(N)c1-c1ccc(C)cc1,8.16625,7.06,9.4,PFLAK
CHEMBL16871,ZINC000013472713,CCc1nc(N)nc(N)c1-c1ccc(C(C)(C)C)cc1,7.564,7.18,9.22,PFLAK
CHEMBL16871,ZINC000013472714,CCc1nc(N)nc(N)c1-c1ccc(-c2ccccc2)cc1,6.332,7.05,6.73,PFLAK
CHEMBL16871,ZINC000013472715,CCc1nc(N)nc(N)c1-c1ccc(OC)cc1,8.105,7.07,9.05,PFLAK
CHEMBL14888,ZINC000013472716,CCc1nc(N)nc(N)c1-c1cccc(Cl)c1,7.744117647058823,5.04,9.52,PFLAK
CHEMBL16871,ZINC000013472717,CCc1nc(N)nc(N)c1-c1ccc2c(c1)OCO2,7.73125,8.08,8.96,PFLAK
CHEMBL21047,ZINC000013472718,CCc1nc(N)nc(N)c1-c1ccc(Cl)cc1Cl,7.2025,7.9,9.04,PFLAK
CHEMBL16871,ZINC000013472719,CCc1nc(N)nc(N)c1-c1ccc(OCc2ccc(Cl)cc2Cl)c(OC)c1,8.0175,8.02,9.0,PFLAK
CHEMBL21047,ZINC000013472720,CCOc1c(Br)cc(-c2c(N)nc(N)nc2CC)cc1Br,7.0575,8.15,7.43,PFLAK
CHEMBL21047,ZINC000013472721,Nc1ncc(-c2ccc(Cl)cc2)c(N)n1,7.609999999999999,6.26,9.13,PFLAK
CHEMBL21047,ZINC000013472722,COC(=O)CCCc1nc(N)nc(N)c1-c1ccc(Cl)cc1,8.12875,6.44,9.85,PFLAK
CHEMBL16871,ZINC000013472723,Nc1nc(N)c(-c2ccc(Cl)cc2)c(CCCc2ccccc2)n1,8.088750000000001,7.2,9.15,PFLAK
CHEMBL16871,ZINC000013472724,COC(=O)CCCc1nc(N)nc(N)c1-c1ccccc1,8.42,8.26,9.22,PFLAK
CHEMBL16871,ZINC000013472725,CCCCCCc1nc(N)nc(N)c1-c1ccccc1,7.843846153846154,5.19,9.52,PFLAK
CHEMBL16871,ZINC000013472726,Nc1nc(N)c(-c2ccccc2)c(CCCc2ccccc2)n1,7.74909090909091,5.07,9.3,PFLAK
CHEMBL16871,ZINC000013472727,Nc1ncc(-c2cccc(Cl)c2)c(N)n1,7.0920000000000005,5.06,7.58,PFLAK
CHEMBL16871,ZINC000013472728,Cc1nc(N)nc(N)c1-c1cccc(Cl)c1,7.876666666666667,8.01,8.72,PFLAK
CHEMBL16871,ZINC000013472729,COC(=O)CCCc1nc(N)nc(N)c1-c1cccc(Cl)c1,8.905714285714286,8.55,9.3,PFLAK
CHEMBL16871,ZINC000013472730,Nc1nc(N)c(-c2cccc(Cl)c2)c(CCCc2ccccc2)n1,7.268333333333333,6.17,8.92,PFLAK
CHEMBL17662,ZINC000013472731,COc1ccc(CCCc2nc(N)nc(N)c2-c2cccc(Cl)c2)cc1,7.406923076923078,8.22,8.89,PFLAK
CHEMBL16871,ZINC000013472732,Nc1nc(N)c(-c2cccc(Cl)c2)c(CCOCCCOc2ccccc2)n1,7.625384615384615,5.34,9.4,PFLAK
CHEMBL16871,ZINC000013472733,COc1cc(Cc2cnc(N)nc2N)cc(OC)c1OCc1ccccc1,7.576666666666667,7.14,8.38,PFLAK
CHEMBL17636,ZINC000013472734,CCOc1cc(Cc2cnc(N)nc2N)ccc1OCc1ccccc1,7.493636363636364,8.01,9.1,PFLAK
CHEMBL16871,ZINC000013472735,Nc1ncc(Cc2ccc(OCc3ccccc3)c(OCc3ccccc3)c2)c(N)n1,6.815714285714286,5.09,8.77,PFLAK
CHEMBL17636,ZINC000013472736,Cc1nc(N)nc(N)c1Cc1ccc(OCc2ccccc2)c(OCc2ccccc2)c1,6.70375,7.1,6.76,PFLAK
CHEMBL17636,ZINC000013472737,CCc1nc(N)nc(N)c1Cc1ccc(OCc2ccccc2)c(OCc2ccccc2)c1,6.674666666666667,7.0,7.7,PFLAK
CHEMBL16871,ZINC000013472738,COc1cc(COc2cc(Cc3cnc(N)nc3N)ccc2OCc2ccccc2)cc(OC)c1OC,6.989999999999999,6.3,7.92,PFLAK
CHEMBL16871,ZINC000013472739,COc1cc(COc2ccc(Cc3cnc(N)nc3N)cc2)cc(OC)c1OC,7.495833333333334,7.12,8.89,PFLAK
CHEMBL16871,ZINC000013472740,COc1cc(Cc2cnc(N)nc2N)ccc1OCc1cc(OC)c(OC)c(OC)c1,7.598333333333334,8.06,9.22,PFLAK
CHEMBL16871,ZINC000013472741,CCOc1cc(Cc2cnc(N)nc2N)ccc1OCc1cc(OC)c(OC)c(OC)c1,7.624285714285714,7.15,9.52,PFLAK
CHEMBL16871,ZINC000013472742,CCCOc1cc(Cc2cnc(N)nc2N)ccc1OCc1cc(OC)c(OC)c(OC)c1,7.20625,5.01,9.4,PFLAK
CHEMBL16871,ZINC000013472743,CCCCOc1cc(Cc2cnc(N)nc2N)ccc1OCc1cc(OC)c(OC)c(OC)c1,7.573076923076924,7.15,9.4,PFLAK
CHEMBL16871,ZINC000013472744,Nc1ncc(Cc2ccc(OCCCOc3cc(Cl)c(Cl)cc3Cl)cc2)c(N)n1,7.3875,7.41,9.05,PFLAK
CHEMBL15522,ZINC000013476267,C[C@@H]1N=C(N)N=C(N)N1c1ccc(Br)cc1,7.465,8.24,6.69,PFLAK
CHEMBL15522,ZINC000013476268,C[C@H]1N=C(N)N=C(N)N1c1ccc(Br)cc1,7.465,8.24,6.69,PFLAK
CHEMBL15522,ZINC000013476270,Cc1ccc(N2C(N)=NC(N)=N[C@H]2C)cc1,7.1850000000000005,7.64,6.73,PFLAK
CHEMBL15522,ZINC000013476271,Cc1ccc(N2C(N)=NC(N)=N[C@@H]2C)cc1,7.1850000000000005,7.64,6.73,PFLAK
CHEMBL17662,ZINC000013476276,CCCCCC[C@@]1(C)N=C(N)N=C(N)N1c1ccc(Cl)cc1,6.620909090909091,6.02,9.22,PFLAK
CHEMBL17662,ZINC000013476277,CCCCCC[C@]1(C)N=C(N)N=C(N)N1c1ccc(Cl)cc1,6.620909090909091,6.02,9.22,PFLAK
CHEMBL15522,ZINC000013476289,NC1=N[C@@H](c2ccccc2)N(c2ccc(Br)cc2)C(N)=N1,7.795,7.05,8.54,PFLAK
CHEMBL15522,ZINC000013476290,NC1=N[C@H](c2ccccc2)N(c2ccc(Br)cc2)C(N)=N1,7.795,7.05,8.54,PFLAK
CHEMBL15522,ZINC000013476296,NC1=N[C@@H](c2ccccc2)N(c2ccc(Cl)c(Cl)c2)C(N)=N1,8.38,7.96,8.8,PFLAK
CHEMBL15522,ZINC000013476298,NC1=N[C@H](c2ccccc2)N(c2ccc(Cl)c(Cl)c2)C(N)=N1,8.38,7.96,8.8,PFLAK
CHEMBL15522,ZINC000013488367,C[C@@H]1N=C(N)N=C(N)N1c1cccc(Cl)c1,7.86,8.0,7.99,PFLAK
CHEMBL15522,ZINC000013488368,C[C@H]1N=C(N)N=C(N)N1c1cccc(Cl)c1,7.86,8.0,7.99,PFLAK
CHEMBL17636,ZINC000013532846,CCCCCOc1ccc(Cc2cnc(N)nc2N)cc1,6.81,6.04,6.86,PFLAK
CHEMBL17636,ZINC000013532849,CCCOc1cc(Cc2cnc(N)nc2N)ccc1OC,7.225,6.04,8.74,PFLAK
CHEMBL17636,ZINC000013532854,CCCCOc1cc(Cc2cnc(N)nc2N)ccc1OC,6.8525,6.11,5.99,PFLAK
CHEMBL17636,ZINC000013532859,CCCCCOc1cc(Cc2cnc(N)nc2N)ccc1OC,7.12,6.35,6.87,PFLAK
CHEMBL17636,ZINC000013532863,CCCCCOc1ccc(Cc2cnc(N)nc2N)cc1OCC,7.025,6.04,8.8,PFLAK
CHEMBL17636,ZINC000013532872,Nc1ncc(Cc2cccc(OCc3ccccc3)c2)c(N)n1,6.565555555555555,7.22,6.95,PFLAK
CHEMBL17636,ZINC000013532877,Nc1ncc(Cc2cccc(Oc3ccccc3)c2)c(N)n1,6.565555555555555,7.09,6.82,PFLAK
CHEMBL17636,ZINC000013532881,COc1ccc(Cc2cnc(N)nc2N)cc1OCc1ccccc1,6.478999999999999,8.14,5.95,PFLAK
CHEMBL17636,ZINC000013532888,CCOc1cc(Cc2cnc(N)nc2N)ccc1OCCCc1ccccc1,7.42,6.28,9.0,PFLAK
CHEMBL17636,ZINC000013532891,Nc1ncc(Cc2ccc(OCCCOc3ccccc3)cc2)c(N)n1,6.734999999999999,8.19,6.77,PFLAK
CHEMBL17636,ZINC000013532895,COc1cc(Cc2cnc(N)nc2N)ccc1OCCCOc1ccccc1,7.234999999999999,6.22,8.7,PFLAK
CHEMBL17636,ZINC000013532899,CCOc1cc(Cc2cnc(N)nc2N)ccc1OCCCOc1ccccc1,7.3575,6.11,9.22,PFLAK
CHEMBL17636,ZINC000013532904,Nc1ncc(Cc2ccc(OCCCOCCCOc3ccccc3)cc2)c(N)n1,6.875,8.15,6.97,PFLAK
CHEMBL17636,ZINC000013532909,COc1cc(Cc2cnc(N)nc2N)ccc1OCCCOCCCOc1ccccc1,6.895,6.37,8.74,PFLAK
CHEMBL17636,ZINC000013532914,CCOc1cc(Cc2cnc(N)nc2N)ccc1OCCCOCCCOc1ccccc1,7.125,6.03,8.64,PFLAK
CHEMBL17636,ZINC000013532920,COc1cc(Cc2c(C)nc(N)nc2N)cc(OC)c1OC,6.178571428571429,6.12,5.87,PFLAK
CHEMBL17636,ZINC000013532925,CCc1nc(N)nc(N)c1Cc1cc(OC)c(OC)c(OC)c1,6.635714285714286,6.16,6.93,PFLAK
CHEMBL17636,ZINC000013532930,COc1cc(Cc2c(C)nc(N)nc2N)ccc1OCc1ccccc1,6.717272727272728,7.03,5.99,PFLAK
CHEMBL17636,ZINC000013532934,CCc1nc(N)nc(N)c1Cc1ccc(OCc2ccccc2)c(OC)c1,6.537999999999999,6.12,6.92,PFLAK
CHEMBL17636,ZINC000013532938,CCCOc1cc(Cc2c(N)nc(N)nc2CC)ccc1OCc1cc(OC)c(OC)c(OC)c1,7.255,6.16,8.74,PFLAK
CHEMBL14888,ZINC000013555336,CCc1nc(N)nc(N)c1-c1cccc(OC)c1,7.886,8.03,8.97,PFLAK
CHEMBL17662,ZINC000013559291,Nc1nc(N)c(-c2ccccc2)c(CCCO)n1,6.87,7.07,6.92,PFLAK
CHEMBL17662,ZINC000013559292,Nc1nc(N)c(-c2cccc(Cl)c2)c(CCCO)n1,6.7125,8.04,5.96,PFLAK
CHEMBL17662,ZINC000013559293,CC(=O)OCCCc1nc(N)nc(N)c1-c1ccccc1,7.66,8.3,7.97,PFLAK
CHEMBL17662,ZINC000013559294,CC(=O)OCCCc1nc(N)nc(N)c1-c1cccc(Cl)c1,6.9675,5.28,8.74,PFLAK
CHEMBL17662,ZINC000013559295,Nc1nc(N)c(-c2ccccc2)c(CCCOC(=O)c2ccccc2)n1,8.51,8.47,9.15,PFLAK
CHEMBL17662,ZINC000013559296,Nc1nc(N)c(-c2cccc(Cl)c2)c(CCCOC(=O)c2ccccc2)n1,6.94,5.12,9.1,PFLAK
CHEMBL17662,ZINC000013559297,Nc1nc(N)c(-c2cccc(Cl)c2)c(CCCOC(=O)OCc2ccccc2)n1,7.394285714285714,5.23,9.1,PFLAK
CHEMBL17662,ZINC000013559298,CCC[C@@]1(C)N=C(N)N=C(N)N1c1ccc(Cl)cc1,6.106,5.03,8.46,PFLAK
CHEMBL17662,ZINC000013559299,CCC[C@]1(C)N=C(N)N=C(N)N1c1ccc(Cl)cc1,6.106,5.03,8.46,PFLAK
CHEMBL17662,ZINC000013559300,CC(C)[C@@]1(C)N=C(N)N=C(N)N1c1cccc(Cl)c1,6.5920000000000005,6.33,6.71,PFLAK
CHEMBL17662,ZINC000013559301,CC(C)[C@]1(C)N=C(N)N=C(N)N1c1cccc(Cl)c1,6.5920000000000005,6.33,6.71,PFLAK
CHEMBL17662,ZINC000013559302,CC(C)[C@@]1(C)N=C(N)N=C(N)N1c1ccc(Cl)cc1,6.213333333333334,5.34,5.86,PFLAK
CHEMBL17662,ZINC000013559303,CC(C)[C@]1(C)N=C(N)N=C(N)N1c1ccc(Cl)cc1,6.213333333333334,5.34,5.86,PFLAK
CHEMBL17662,ZINC000013559304,CCC[C@@]1(C)N=C(N)N=C(N)N1c1cccc(Cl)c1,7.038888888888889,8.01,5.96,PFLAK
CHEMBL17662,ZINC000013559305,CCC[C@]1(C)N=C(N)N=C(N)N1c1cccc(Cl)c1,7.038888888888889,8.01,5.96,PFLAK
CHEMBL17662,ZINC000013559306,CCCCCC[C@@]1(C)N=C(N)N=C(N)N1c1cccc(Cl)c1,7.123,7.22,7.0,PFLAK
CHEMBL17662,ZINC000013559307,CCCCCC[C@]1(C)N=C(N)N=C(N)N1c1cccc(Cl)c1,7.123,7.22,7.0,PFLAK
CHEMBL17662,ZINC000013559308,NC1=N[C@@H](c2ccc(Oc3ccccc3)cc2)N(c2ccc(Cl)cc2)C(N)=N1,6.785454545454545,5.16,9.4,PFLAK
CHEMBL17662,ZINC000013559309,NC1=N[C@@H](c2ccc(Oc3ccccc3)cc2)N(c2ccc(Cl)cc2)C(N)=N1,6.785454545454545,5.16,9.4,PFLAK
CHEMBL17662,ZINC000013559310,NC1=N[C@@H](c2ccc(Oc3ccccc3)cc2)N(c2cccc(Cl)c2)C(N)=N1,7.689,6.13,9.52,PFLAK
CHEMBL17662,ZINC000013559311,NC1=N[C@H](c2ccc(Oc3ccccc3)cc2)N(c2cccc(Cl)c2)C(N)=N1,7.689,6.13,9.52,PFLAK
CHEMBL17662,ZINC000013559312,NC1=N[C@@H](c2cccc(Oc3ccccc3)c2)N(c2ccc(Cl)cc2)C(N)=N1,7.8,6.62,9.3,PFLAK
CHEMBL17662,ZINC000013559313,NC1=N[C@H](c2cccc(Oc3ccccc3)c2)N(c2ccc(Cl)cc2)C(N)=N1,7.8,6.62,9.3,PFLAK
CHEMBL17662,ZINC000013559314,NC1=N[C@@H](c2cccc(Oc3ccccc3)c2)N(c2cccc(Cl)c2)C(N)=N1,6.914,7.22,8.96,PFLAK
CHEMBL17662,ZINC000013559315,NC1=N[C@H](c2cccc(Oc3ccccc3)c2)N(c2cccc(Cl)c2)C(N)=N1,6.914,7.22,8.96,PFLAK
CHEMBL17662,ZINC000013559316,NC1=N[C@@H](c2cccc(OCc3ccccc3)c2)N(c2ccc(Cl)cc2)C(N)=N1,7.266,6.11,9.15,PFLAK
CHEMBL17662,ZINC000013559317,NC1=N[C@H](c2cccc(OCc3ccccc3)c2)N(c2ccc(Cl)cc2)C(N)=N1,7.266,6.11,9.15,PFLAK
CHEMBL17662,ZINC000013559318,NC1=N[C@@H](c2cccc(OCc3ccccc3)c2)N(c2cccc(Cl)c2)C(N)=N1,6.68,5.09,6.72,PFLAK
CHEMBL17662,ZINC000013559319,NC1=N[C@H](c2cccc(OCc3ccccc3)c2)N(c2cccc(Cl)c2)C(N)=N1,6.68,5.09,6.72,PFLAK
CHEMBL17662,ZINC000013559320,NC1=N[C@@H](c2cccc(Oc3ccc(Cl)cc3)c2)N(c2ccc(Cl)cc2)C(N)=N1,6.601000000000001,7.07,8.85,PFLAK
CHEMBL17662,ZINC000013559321,NC1=N[C@H](c2cccc(Oc3ccc(Cl)cc3)c2)N(c2ccc(Cl)cc2)C(N)=N1,6.601000000000001,7.07,8.85,PFLAK
CHEMBL17662,ZINC000013559322,NC1=N[C@@H](c2cccc(Oc3ccc(Cl)cc3)c2)N(c2cccc(Cl)c2)C(N)=N1,6.960909090909092,8.1,8.89,PFLAK
CHEMBL17662,ZINC000013559323,NC1=N[C@H](c2cccc(Oc3ccc(Cl)cc3)c2)N(c2cccc(Cl)c2)C(N)=N1,6.960909090909092,8.1,8.89,PFLAK
CHEMBL17662,ZINC000013559324,CCCOc1ccc([C@@H]2N=C(N)N=C(N)N2c2cccc(Cl)c2)cc1,7.601999999999999,8.03,9.3,PFLAK
CHEMBL17662,ZINC000013559325,CCCOc1ccc([C@H]2N=C(N)N=C(N)N2c2cccc(Cl)c2)cc1,7.601999999999999,8.03,9.3,PFLAK
CHEMBL17662,ZINC000013559326,NC1=N[C@@H](c2cccc(Oc3cc(Cl)cc(Cl)c3)c2)N(c2cccc(Cl)c2)C(N)=N1,7.281000000000001,5.26,9.22,PFLAK
CHEMBL17662,ZINC000013559327,NC1=N[C@H](c2cccc(Oc3cc(Cl)cc(Cl)c3)c2)N(c2cccc(Cl)c2)C(N)=N1,7.281000000000001,5.26,9.22,PFLAK
CHEMBL17662,ZINC000013559328,NC1=N[C@@H](c2cccc(Oc3cccc(C(F)(F)F)c3)c2)N(c2cccc(Cl)c2)C(N)=N1,7.361111111111111,8.19,9.22,PFLAK
CHEMBL17662,ZINC000013559329,NC1=N[C@H](c2cccc(Oc3cccc(C(F)(F)F)c3)c2)N(c2cccc(Cl)c2)C(N)=N1,7.361111111111111,8.19,9.22,PFLAK
CHEMBL21047,ZINC000013809204,NC1=NCN(c2ccc(Cl)cc2)C(N)=N1,7.626666666666668,6.19,9.08,PFLAK
CHEMBL15522,ZINC000013809206,CCC[C@@H]1N=C(N)N=C(N)N1c1ccc(Cl)cc1,7.654999999999999,8.34,6.97,PFLAK
CHEMBL15522,ZINC000013809208,CCC[C@H]1N=C(N)N=C(N)N1c1ccc(Cl)cc1,7.654999999999999,8.34,6.97,PFLAK
CHEMBL15522,ZINC000013809210,CCCC[C@@H]1N=C(N)N=C(N)N1c1ccc(Cl)cc1,7.605,8.43,6.78,PFLAK
CHEMBL15522,ZINC000013809212,CCCC[C@H]1N=C(N)N=C(N)N1c1ccc(Cl)cc1,7.605,8.43,6.78,PFLAK
CHEMBL15522,ZINC000013809214,CC(C)(C)[C@@H]1N=C(N)N=C(N)N1c1ccc(Cl)cc1,5.42,5.42,5.42,PFLAK
CHEMBL15522,ZINC000013809216,CC(C)(C)[C@H]1N=C(N)N=C(N)N1c1ccc(Cl)cc1,5.42,5.42,5.42,PFLAK
CHEMBL15522,ZINC000013809218,CC[C@@H]1N=C(N)N=C(N)N1c1ccc(Br)cc1,7.465,8.24,6.69,PFLAK
CHEMBL15522,ZINC000013809220,CC[C@H]1N=C(N)N=C(N)N1c1ccc(Br)cc1,7.465,8.24,6.69,PFLAK
CHEMBL15522,ZINC000013809222,CCC[C@@H]1N=C(N)N=C(N)N1c1ccc(Br)cc1,7.745,8.59,6.9,PFLAK
CHEMBL15522,ZINC000013809223,CCC[C@H]1N=C(N)N=C(N)N1c1ccc(Br)cc1,7.745,8.59,6.9,PFLAK
CHEMBL15522,ZINC000013809225,CC(C)[C@@H]1N=C(N)N=C(N)N1c1ccc(Br)cc1,6.72,7.52,5.92,PFLAK
CHEMBL15522,ZINC000013809227,CC(C)[C@H]1N=C(N)N=C(N)N1c1ccc(Br)cc1,6.72,7.52,5.92,PFLAK
CHEMBL15522,ZINC000013809229,CC[C@@H]1N=C(N)N=C(N)N1c1ccc(C)cc1,7.56,8.23,6.89,PFLAK
CHEMBL15522,ZINC000013809231,CC[C@H]1N=C(N)N=C(N)N1c1ccc(C)cc1,7.56,8.23,6.89,PFLAK
CHEMBL15522,ZINC000013809233,CCC[C@@H]1N=C(N)N=C(N)N1c1ccc(C)cc1,7.295,6.73,7.86,PFLAK
CHEMBL15522,ZINC000013809235,CCC[C@H]1N=C(N)N=C(N)N1c1ccc(C)cc1,7.295,6.73,7.86,PFLAK
CHEMBL15522,ZINC000013809237,Cc1ccc(N2C(N)=NC(N)=N[C@H]2C(C)C)cc1,6.3100000000000005,6.78,5.84,PFLAK
CHEMBL15522,ZINC000013809239,Cc1ccc(N2C(N)=NC(N)=N[C@@H]2C(C)C)cc1,6.3100000000000005,6.78,5.84,PFLAK
CHEMBL15522,ZINC000013809241,NC1=NCN(c2ccccc2)C(N)=N1,6.593333333333334,7.07,6.48,PFLAK
CHEMBL15522,ZINC000013809243,NC1=NCN(c2ccc(F)cc2)C(N)=N1,6.653333333333333,7.06,6.57,PFLAK
CHEMBL17071,ZINC000013858385,CNC(=S)NNC(=O)c1cccn(Cc2cccc(Cl)c2)c1=O,5.5425,6.05,5.74,PFLAK
CHEMBL15522,ZINC000016981849,CC1(C)N=C(N)N=C(N)N1c1ccccc1,6.803333333333334,7.7,5.86,PFLAK
CHEMBL17662,ZINC000017039796,NC1=N[C@H](c2ccccc2)N(c2ccc(Cl)cc2)C(N)=N1,7.052857142857143,7.31,5.73,PFLAK
CHEMBL15522,ZINC000017040301,NC1=N[C@H](c2ccccc2)N(c2cccc(Cl)c2)C(N)=N1,7.024615384615384,6.01,8.0,PFLAK
CHEMBL21047,ZINC000017040529,Cc1ccc(N2C(N)=NC(N)=NC2(C)C)cc1,7.78,5.8,8.8,PFLAK
CHEMBL15522,ZINC000017126763,CC1(C)N=C(N)N=C(N)N1c1ccc(F)cc1,6.966666666666666,8.34,5.79,PFLAK
CHEMBL15522,ZINC000017353521,C[C@@H]1N=C(N)N=C(N)N1c1ccc(Cl)c(Cl)c1,8.3,7.75,8.85,PFLAK
CHEMBL17071,ZINC000017949002,N/C(S)=N/N=C/c1ccccc1,5.05,5.05,5.05,PFLAK
CHEMBL17662,ZINC000027732635,NC1=N[C@@H](c2cccc(OCCCOc3cc(Cl)c(Cl)cc3Cl)c2)N(c2cccc(Cl)c2)C(N)=N1,6.874545454545455,5.07,8.7,PFLAK
CHEMBL17662,ZINC000027732640,NC1=N[C@H](c2cccc(OCCCOc3cc(Cl)c(Cl)cc3Cl)c2)N(c2cccc(Cl)c2)C(N)=N1,6.874545454545455,5.07,8.7,PFLAK
CHEMBL17636,ZINC000034801983,CCCCCCCOc1ccc(Cc2cnc(N)nc2N)cc1,6.495,5.66,5.86,PFLAK
CHEMBL17636,ZINC000034801984,CCCCCCCOc1cc(Cc2cnc(N)nc2N)ccc1OC,7.095000000000001,6.35,6.99,PFLAK
CHEMBL17662,ZINC000034801985,CCCCCCC[C@@H]1N=C(N)N=C(N)N1c1cccc(Cl)c1,7.811818181818182,7.4,9.52,PFLAK
CHEMBL17662,ZINC000034801986,CCCCCCC[C@H]1N=C(N)N=C(N)N1c1cccc(Cl)c1,7.811818181818182,7.4,9.52,PFLAK
CHEMBL14888,ZINC000095600434,NC(=O)c1ccc[n+]([C@H]2O[C@@H](CO[P@@](=O)(O)O[P@@](=O)(O)OC[C@H]3O[C@@H](n4cnc5c(N)ncnc54)[C@H](OP(=O)(O)O)[C@@H]3O)[C@H](O)[C@@H]2O)c1,8.085,8.33,7.84,PFLAK
